Date,Open,High,Low,Close,Adj Close,Volume,Symbol
2019-03-13,38.599998,39.299999,38.0,39.200001,37.067253,306000,FOX
2019-03-14,39.5,40.650002,39.32,39.959999,37.785904,279700,FOX
2019-03-15,40.549999,41.049999,40.5,41.02,38.788235,164200,FOX
2019-03-18,41.73,41.73,40.470001,40.860001,38.636944,581700,FOX
2019-03-19,41.400002,41.400002,39.049999,39.549999,37.398216,2540200,FOX
2019-03-20,39.849998,39.851002,37.459999,37.599998,35.55431,5147900,FOX
2019-03-21,38.0,38.91,37.84,38.880001,36.764668,8865500,FOX
2019-03-22,38.759998,38.84,36.549999,37.459999,35.421925,4902500,FOX
2019-03-25,37.57,37.810001,36.349998,36.450001,34.466873,4035100,FOX
2019-03-26,36.459999,37.349998,36.459999,36.709999,34.712727,3350900,FOX
2019-03-27,36.75,37.169998,36.060001,36.200001,34.23048,2871300,FOX
2019-03-28,36.139999,36.470001,35.549999,35.669998,33.729309,2220600,FOX
2019-03-29,35.880001,36.169998,35.389999,35.880001,33.927887,2679200,FOX
2019-04-01,36.169998,36.34,35.939999,36.150002,34.183201,4338400,FOX
2019-04-02,36.209999,36.459999,35.209999,35.700001,33.757687,1491200,FOX
2019-04-03,35.779999,35.889999,35.299999,35.5,33.568569,2831600,FOX
2019-04-04,35.560001,36.07,35.389999,36.029999,34.069725,2223200,FOX
2019-04-05,35.990002,37.09,35.939999,36.98,34.968044,2116200,FOX
2019-04-08,36.939999,36.939999,36.650002,36.849998,34.845104,1929000,FOX
2019-04-09,36.810001,37.07,36.59,36.889999,34.882938,1793900,FOX
2019-04-10,36.91,37.049999,35.860001,35.93,33.975166,843600,FOX
2019-04-11,35.98,36.5,35.529999,36.41,34.42905,978200,FOX
2019-04-12,36.470001,37.080002,35.919998,36.950001,34.939674,3175200,FOX
2019-04-15,36.91,36.990002,36.470001,36.98,34.968044,891200,FOX
2019-04-16,37.110001,37.279999,36.93,37.209999,35.185528,1869000,FOX
2019-04-17,37.18,38.25,37.18,38.209999,36.131115,2122100,FOX
2019-04-18,38.34,38.369999,37.919998,37.919998,35.856895,2315200,FOX
2019-04-22,37.84,37.880001,37.110001,37.240002,35.213894,1665000,FOX
2019-04-23,37.220001,37.82,37.07,37.599998,35.55431,5455100,FOX
2019-04-24,37.509998,37.759998,37.330002,37.450001,35.412472,1230800,FOX
2019-04-25,37.48,37.68,37.040001,37.639999,35.592133,1422800,FOX
2019-04-26,37.799999,37.939999,37.400002,37.91,35.847443,2505700,FOX
2019-04-29,37.740002,38.91,37.689999,38.73,36.622829,1716800,FOX
2019-04-30,38.59,38.779999,37.889999,38.5,36.405338,1810000,FOX
2019-05-01,38.66,38.799999,38.09,38.740002,36.632286,1475000,FOX
2019-05-02,38.75,38.799999,36.5,36.84,34.835655,2627700,FOX
2019-05-03,36.860001,37.259998,36.639999,37.02,35.005863,1229700,FOX
2019-05-06,36.720001,37.400002,36.470001,37.310001,35.280087,1533900,FOX
2019-05-07,36.970001,37.220001,36.575001,36.700001,34.703274,1412300,FOX
2019-05-08,36.560001,37.080002,36.27,36.82,34.816746,2108700,FOX
2019-05-09,38.080002,38.630001,36.950001,37.970001,35.904182,3458200,FOX
2019-05-10,37.900002,38.25,36.98,38.049999,35.979824,1633500,FOX
2019-05-13,37.48,38.150002,37.220001,37.5,35.459743,1598400,FOX
2019-05-14,37.540001,38.025002,37.404999,37.48,35.440838,1663100,FOX
2019-05-15,37.240002,37.48,37.130001,37.23,35.204437,873900,FOX
2019-05-16,37.279999,37.599998,36.279999,36.32,34.343952,2680000,FOX
2019-05-17,36.080002,37.07,36.080002,36.830002,35.048149,1084400,FOX
2019-05-20,36.540001,37.139999,36.540001,36.68,34.905403,996400,FOX
2019-05-21,36.82,37.525002,36.639999,37.18,35.381214,1272400,FOX
2019-05-22,37.099998,37.290001,36.619999,36.669998,34.895885,830200,FOX
2019-05-23,36.389999,36.630001,36.18,36.509998,34.743622,1860100,FOX
2019-05-24,36.509998,36.759998,36.400002,36.450001,34.686531,828100,FOX
2019-05-28,36.59,36.950001,36.110001,36.16,34.410561,2384600,FOX
2019-05-29,36.0,36.16,35.279999,35.299999,33.592171,1437600,FOX
2019-05-30,35.360001,35.695,34.689999,34.810001,33.125877,1079700,FOX
2019-05-31,34.549999,34.810001,34.25,34.709999,33.030716,1736500,FOX
2019-06-03,34.610001,34.810001,33.32,33.779999,32.145706,2219500,FOX
2019-06-04,34.029999,34.810001,33.75,34.09,32.440708,2276200,FOX
2019-06-05,34.240002,34.57,33.900002,34.02,32.374096,1346900,FOX
2019-06-06,34.009998,34.23,33.599998,33.740002,32.107643,1209100,FOX
2019-06-07,33.84,34.049999,33.66,33.68,32.050549,925100,FOX
2019-06-10,33.860001,34.037998,33.560001,33.740002,32.107643,1142800,FOX
2019-06-11,33.77,34.040001,33.650002,33.830002,32.193291,1201800,FOX
2019-06-12,33.810001,34.735001,33.799999,34.700001,33.021198,2240300,FOX
2019-06-13,34.959999,35.119999,34.599998,34.939999,33.249584,1315400,FOX
2019-06-14,34.990002,35.16,34.560001,34.959999,33.268616,2414700,FOX
2019-06-17,35.18,35.965,35.040001,35.799999,34.067978,2288000,FOX
2019-06-18,36.09,36.720001,35.709999,35.830002,34.096531,2680900,FOX
2019-06-19,35.880001,36.080002,35.349998,35.740002,34.010883,2011500,FOX
2019-06-20,36.150002,36.150002,35.310001,35.349998,33.639748,1879700,FOX
2019-06-21,35.360001,37.0,35.040001,35.880001,34.144108,4338300,FOX
2019-06-24,35.720001,35.790001,35.389999,35.540001,33.82056,1621000,FOX
2019-06-25,35.450001,35.52,34.900002,35.189999,33.487488,1853700,FOX
2019-06-26,35.459999,35.889999,35.16,35.310001,33.601685,2271900,FOX
2019-06-27,35.360001,36.119999,35.060001,35.75,34.020393,2880900,FOX
2019-06-28,35.889999,36.639999,35.669998,36.529999,34.762661,4921100,FOX
2019-07-01,36.82,36.869999,35.715,35.959999,34.22023,2608800,FOX
2019-07-02,35.959999,36.57,35.959999,36.529999,34.762661,1431200,FOX
2019-07-03,36.700001,36.77,36.310001,36.349998,34.59137,918900,FOX
2019-07-05,36.279999,36.77,36.07,36.560001,34.791214,1190600,FOX
2019-07-08,36.360001,36.935001,36.049999,36.130001,34.382015,910700,FOX
2019-07-09,35.98,36.290001,35.790001,36.009998,34.267822,1661300,FOX
2019-07-10,36.110001,36.41,36.029999,36.139999,34.391529,1177600,FOX
2019-07-11,36.130001,36.369999,35.849998,36.310001,34.553307,1206500,FOX
2019-07-12,36.32,37.009998,36.32,36.959999,35.171856,1582900,FOX
2019-07-15,37.119999,37.209999,36.610001,37.040001,35.247993,1344900,FOX
2019-07-16,37.080002,37.110001,36.610001,36.689999,34.914917,1613100,FOX
2019-07-17,36.619999,36.720001,36.092999,36.169998,34.420074,1892200,FOX
2019-07-18,36.099998,36.759998,36.0,36.610001,34.838791,3001300,FOX
2019-07-19,36.709999,36.759998,36.200001,36.450001,34.686531,1934300,FOX
2019-07-22,36.470001,36.639999,36.279999,36.32,34.56282,1557800,FOX
2019-07-23,36.349998,36.75,35.990002,36.509998,34.743622,2003200,FOX
2019-07-24,36.459999,37.080002,36.439999,36.889999,35.105244,1233500,FOX
2019-07-25,36.91,37.540001,36.900002,37.43,35.619118,1411800,FOX
2019-07-26,37.369999,38.029999,37.330002,37.490002,35.676216,915600,FOX
2019-07-29,37.439999,37.84,37.34,37.689999,35.866535,885800,FOX
2019-07-30,37.5,38.060001,37.5,37.849998,36.018795,1825500,FOX
2019-07-31,37.700001,37.700001,36.771999,37.200001,35.400246,1831300,FOX
2019-08-01,37.16,37.450001,36.689999,36.84,35.057663,1757900,FOX
2019-08-02,36.84,36.849998,36.290001,36.560001,34.791214,1113400,FOX
2019-08-05,36.279999,36.48,35.75,36.0,34.258301,2043700,FOX
2019-08-06,35.93,36.509998,35.849998,36.400002,34.63895,1536300,FOX
2019-08-07,36.049999,36.93,35.759998,36.790001,35.010082,1784900,FOX
2019-08-08,37.34,37.34,34.889999,35.0,33.306679,3361100,FOX
2019-08-09,34.950001,35.560001,34.880001,35.369999,33.658779,1337100,FOX
2019-08-12,35.279999,35.279999,34.669998,34.810001,33.125877,1335100,FOX
2019-08-13,34.669998,35.529999,34.669998,35.0,33.306679,1708100,FOX
2019-08-14,34.779999,34.779999,33.369999,33.66,32.031509,1372300,FOX
2019-08-15,33.650002,34.029999,32.709999,32.810001,31.222639,2007500,FOX
2019-08-16,33.09,33.290001,32.709999,33.009998,31.41296,1399300,FOX
2019-08-19,33.310001,33.900002,33.299999,33.599998,31.974417,1622600,FOX
2019-08-20,33.5,33.82,33.25,33.360001,31.746029,1711200,FOX
2019-08-21,33.470001,33.509998,32.869999,33.150002,31.546183,1408700,FOX
2019-08-22,33.189999,33.34,32.73,32.82,31.232155,1438800,FOX
2019-08-23,32.66,32.720001,31.33,31.440001,29.918917,1459900,FOX
2019-08-26,31.67,31.82,31.280001,31.709999,30.175856,1508600,FOX
2019-08-27,31.9,32.049999,31.610001,31.620001,30.09021,1763500,FOX
2019-08-28,31.67,31.940001,31.33,31.559999,30.03311,1002000,FOX
2019-08-29,31.780001,32.799999,31.665001,32.450001,30.880054,1727100,FOX
2019-08-30,33.27,33.310001,32.470001,32.799999,31.21312,1295500,FOX
2019-09-03,32.400002,32.735001,32.16,32.43,31.078951,904800,FOX
2019-09-04,32.650002,33.259998,32.535,33.209999,31.826456,970400,FOX
2019-09-05,33.52,34.029999,33.23,33.91,32.497292,965300,FOX
2019-09-06,33.950001,34.349998,33.73,33.869999,32.458958,875100,FOX
2019-09-09,33.68,34.02,33.310001,33.990002,32.573963,792500,FOX
2019-09-10,33.759998,34.419998,33.759998,34.220001,32.794376,1421800,FOX
2019-09-11,34.099998,34.23,33.619999,33.970001,32.554794,1073800,FOX
2019-09-12,34.119999,34.119999,33.59,33.700001,32.29604,1159600,FOX
2019-09-13,33.68,34.080002,33.450001,33.709999,32.30563,938800,FOX
2019-09-16,33.52,33.66,33.349998,33.490002,32.094791,653100,FOX
2019-09-17,33.459999,33.459999,32.720001,32.82,31.452707,890000,FOX
2019-09-18,32.68,32.84,32.029999,32.5,31.146036,1207900,FOX
2019-09-19,32.57,32.66,31.9,31.969999,30.638115,629400,FOX
2019-09-20,31.889999,32.299999,31.629999,32.080002,30.743536,1538800,FOX
2019-09-23,32.16,32.334999,31.879999,32.18,30.839367,841400,FOX
2019-09-24,32.32,32.349998,31.4,31.530001,30.216446,1201700,FOX
2019-09-25,31.48,32.169998,31.48,32.0,30.666866,1456400,FOX
2019-09-26,32.060001,32.060001,31.35,31.469999,30.158947,1314000,FOX
2019-09-27,31.51,31.709999,31.129999,31.48,30.16853,860400,FOX
2019-09-30,31.68,31.85,31.34,31.540001,30.226032,700200,FOX
2019-10-01,31.700001,32.009998,31.129999,31.18,29.881027,880700,FOX
2019-10-02,30.99,31.200001,30.26,30.309999,29.047272,1123900,FOX
2019-10-03,30.25,30.43,29.67,30.389999,29.12394,1061100,FOX
2019-10-04,30.5,30.780001,30.34,30.485001,29.214983,996300,FOX
2019-10-07,30.51,31.040001,30.48,30.49,29.219772,951500,FOX
2019-10-08,30.209999,30.209999,29.610001,30.035,28.78373,1232500,FOX
2019-10-09,30.209999,30.41,29.940001,30.26,28.999355,1147600,FOX
2019-10-10,30.219999,30.530001,30.049999,30.424999,29.157482,1161300,FOX
2019-10-11,30.65,31.48,30.629999,31.16,29.861862,1571700,FOX
2019-10-14,31.059999,31.129999,30.745001,31.01,29.718111,1178700,FOX
2019-10-15,31.02,31.51,30.799999,31.440001,30.130196,1148900,FOX
2019-10-16,31.35,31.59,31.26,31.584999,30.269154,1159900,FOX
2019-10-17,31.5,31.719999,31.15,31.49,30.178112,2047600,FOX
2019-10-18,31.629999,32.07,31.48,31.525,30.211655,2453800,FOX
2019-10-21,31.709999,32.154999,31.57,32.09,30.753119,1581800,FOX
2019-10-22,32.16,32.860001,31.927999,32.77,31.404785,1518800,FOX
2019-10-23,32.869999,33.009998,32.5,32.610001,31.251455,905100,FOX
2019-10-24,32.560001,32.73,31.200001,31.6,30.283527,1454000,FOX
2019-10-25,31.620001,32.060001,31.620001,31.700001,30.379366,1280500,FOX
2019-10-28,31.719999,32.66,31.719999,32.209999,30.868118,2133600,FOX
2019-10-29,32.16,32.209999,31.84,32.049999,30.714779,1105600,FOX
2019-10-30,31.98,32.060001,31.299999,31.360001,30.05353,1198100,FOX
2019-10-31,31.17,31.26,30.943001,31.24,29.938526,1528000,FOX
2019-11-01,31.360001,31.959999,31.18,31.860001,30.532698,2991700,FOX
2019-11-04,32.040001,32.040001,31.73,31.9,30.571033,1461400,FOX
2019-11-05,31.9,32.450001,31.9,32.150002,30.810617,2289200,FOX
2019-11-06,32.18,32.459999,31.67,32.330002,30.98312,1425800,FOX
2019-11-07,33.150002,34.264999,32.740002,34.25,32.823128,2728600,FOX
2019-11-08,34.139999,34.52,33.91,34.43,32.995632,1551500,FOX
2019-11-11,34.240002,34.330002,33.939999,34.220001,32.794376,768800,FOX
2019-11-12,34.209999,34.369999,33.755001,33.810001,32.401463,995800,FOX
2019-11-13,33.630001,33.959999,33.470001,33.57,32.171459,994800,FOX
2019-11-14,33.459999,33.779999,33.279999,33.450001,32.056461,1251300,FOX
2019-11-15,33.75,33.970001,33.389999,33.595001,32.195415,1682400,FOX
2019-11-18,33.580002,34.48,33.549999,34.459999,33.02438,1344300,FOX
2019-11-19,34.669998,35.48,34.470001,35.43,33.953972,1301600,FOX
2019-11-20,35.189999,35.549999,34.900002,34.994999,33.537098,1548900,FOX
2019-11-21,35.0,35.43,34.689999,34.779999,33.331051,979500,FOX
2019-11-22,34.77,35.169998,34.75,34.875,33.422092,1139800,FOX
2019-11-25,34.880001,35.0,34.580002,34.849998,33.398132,1108800,FOX
2019-11-26,34.880001,35.290001,34.779999,35.189999,33.723969,1473000,FOX
2019-11-27,35.299999,35.389999,34.895,35.029999,33.570629,757300,FOX
2019-11-29,34.900002,35.209999,34.619999,34.98,33.52272,528700,FOX
2019-12-02,34.959999,35.23,34.744999,34.814999,33.364586,1014400,FOX
2019-12-03,34.540001,34.630001,33.990002,34.349998,32.918964,1072000,FOX
2019-12-04,34.290001,34.84,34.189999,34.639999,33.196884,1198100,FOX
2019-12-05,34.790001,35.0,34.450001,34.634998,33.192089,1203100,FOX
2019-12-06,34.880001,35.049999,34.535,34.599998,33.158546,892900,FOX
2019-12-09,34.669998,35.18,34.509998,34.790001,33.340633,1049300,FOX
2019-12-10,34.77,35.16,34.48,34.919998,33.465218,1210700,FOX
2019-12-11,35.02,35.709999,35.02,35.290001,33.819805,1647300,FOX
2019-12-12,35.380001,36.060001,35.240002,35.959999,34.461884,1350800,FOX
2019-12-13,35.919998,36.110001,35.639999,35.860001,34.366055,1363600,FOX
2019-12-16,36.029999,36.18,35.810001,35.889999,34.394806,1097800,FOX
2019-12-17,35.869999,36.330002,35.560001,36.240002,34.730225,1019300,FOX
2019-12-18,36.279999,36.400002,35.959999,36.0,34.500225,1880800,FOX
2019-12-19,35.900002,36.220001,35.84,36.049999,34.548145,1098600,FOX
2019-12-20,36.139999,36.393002,35.849998,36.220001,34.71106,2579000,FOX
2019-12-23,36.16,36.790001,36.16,36.630001,35.103981,1149200,FOX
2019-12-24,36.610001,36.799999,36.490002,36.5,34.979389,347100,FOX
2019-12-26,36.639999,36.860001,36.5,36.799999,35.266895,696700,FOX
2019-12-27,36.950001,36.950001,36.549999,36.724998,35.195019,832800,FOX
2019-12-30,36.790001,36.860001,36.389999,36.439999,34.92189,894000,FOX
2019-12-31,36.32,36.525002,36.145,36.400002,34.883564,988400,FOX
2020-01-02,36.5,36.75,35.965,36.459999,34.941063,1153800,FOX
2020-01-03,36.009998,36.349998,36.009998,36.099998,34.596054,940300,FOX
2020-01-06,35.939999,36.139999,35.73,36.014999,34.514595,792600,FOX
2020-01-07,35.889999,36.580002,35.830002,36.470001,34.950645,955700,FOX
2020-01-08,36.580002,36.919998,36.360001,36.419998,34.902725,1799500,FOX
2020-01-09,36.5,36.669998,36.200001,36.5,34.979389,851000,FOX
2020-01-10,36.549999,36.59,35.990002,36.084999,34.581676,1067100,FOX
2020-01-13,36.09,36.470001,35.82,36.299999,34.78772,1207000,FOX
2020-01-14,36.130001,36.77,35.911999,36.540001,35.017727,1441500,FOX
2020-01-15,36.57,36.860001,36.48,36.790001,35.257313,889600,FOX
2020-01-16,36.91,38.259998,36.869999,38.23,36.637321,1835100,FOX
2020-01-17,38.310001,38.84,38.310001,38.575001,36.967949,1662700,FOX
2020-01-21,38.400002,38.540001,38.09,38.41,36.809822,1416700,FOX
2020-01-22,38.41,38.599998,38.130001,38.400002,36.80024,1321200,FOX
2020-01-23,38.110001,38.130001,36.700001,36.900002,35.362732,2407400,FOX
2020-01-24,36.939999,36.939999,35.639999,36.040001,34.538559,2762300,FOX
2020-01-27,35.810001,36.419998,35.66,36.369999,34.854809,1838800,FOX
2020-01-28,36.5,36.82,36.169998,36.619999,35.094391,1353100,FOX
2020-01-29,36.380001,36.630001,35.875,35.990002,34.490639,876100,FOX
2020-01-30,35.599998,36.48,35.529999,36.459999,34.941063,978500,FOX
2020-01-31,36.349998,36.57,35.848999,36.330002,34.816479,1604300,FOX
2020-02-03,36.5,37.25,36.41,36.830002,35.29565,1084600,FOX
2020-02-04,37.27,37.57,36.990002,37.400002,35.8419,1072200,FOX
2020-02-05,37.810001,38.209999,37.450001,37.93,36.349823,1984500,FOX
2020-02-06,38.259998,38.439999,36.18,36.5,34.979389,2530200,FOX
2020-02-07,36.450001,36.459999,35.889999,36.369999,34.854809,1047900,FOX
2020-02-10,36.220001,36.845001,36.099998,36.779999,35.24773,1442000,FOX
2020-02-11,36.849998,36.849998,36.18,36.610001,35.084812,926900,FOX
2020-02-12,36.77,37.220001,36.720001,37.16,35.6119,907700,FOX
2020-02-13,36.950001,37.740002,36.950001,37.52,35.956902,1059400,FOX
2020-02-14,37.529999,37.59,37.0,37.310001,35.75565,750500,FOX
2020-02-18,37.259998,37.404999,36.939999,37.220001,35.669399,965600,FOX
2020-02-19,37.240002,37.720001,37.099998,37.529999,35.966484,674100,FOX
2020-02-20,37.18,37.34,35.900002,36.540001,35.017727,1605200,FOX
2020-02-21,36.290001,36.84,35.48,35.5,34.021061,1593500,FOX
2020-02-24,35.27,35.439999,34.09,34.27,32.8423,1503900,FOX
2020-02-25,34.41,34.549999,32.645,32.830002,31.46229,1922800,FOX
2020-02-26,33.360001,33.41,32.080002,32.400002,31.050201,2761100,FOX
2020-02-27,31.99,32.560001,30.99,30.99,29.698942,2763400,FOX
2020-02-28,30.200001,31.32,29.860001,30.450001,29.18144,3917400,FOX
2020-03-02,30.48,31.790001,30.07,31.790001,30.465614,2871300,FOX
2020-03-03,31.190001,32.279999,30.34,30.709999,29.645088,4065400,FOX
2020-03-04,31.040001,31.27,30.129999,30.67,29.606476,2778700,FOX
2020-03-05,29.83,30.040001,28.91,29.120001,28.110226,2206300,FOX
2020-03-06,27.709999,28.790001,27.549999,28.52,27.531031,2821300,FOX
2020-03-09,26.75,27.629999,26.379999,27.129999,26.18923,4129700,FOX
2020-03-10,27.959999,28.98,26.77,28.76,27.762709,3554900,FOX
2020-03-11,27.82,28.280001,27.299999,27.52,26.565706,3077300,FOX
2020-03-12,26.549999,26.66,24.290001,25.559999,24.673674,3106700,FOX
2020-03-13,26.4,27.780001,24.243,25.379999,24.499916,2710400,FOX
2020-03-16,23.299999,24.379999,22.68,23.190001,22.385855,3320300,FOX
2020-03-17,23.5,24.440001,22.17,23.790001,22.96505,3157000,FOX
2020-03-18,22.540001,23.26,20.639999,21.41,20.667582,3549300,FOX
2020-03-19,21.43,22.73,20.1,21.940001,21.179201,2025500,FOX
2020-03-20,22.299999,22.77,19.92,20.049999,19.35474,3236800,FOX
2020-03-23,20.129999,20.549999,19.129999,19.809999,19.12306,2577600,FOX
2020-03-24,20.82,21.73,20.17,21.65,20.899258,2434900,FOX
2020-03-25,21.65,24.540001,21.26,23.34,22.530655,3077500,FOX
2020-03-26,23.459999,24.780001,23.459999,24.6,23.746962,2435300,FOX
2020-03-27,23.709999,23.950001,21.950001,22.040001,21.275734,1979800,FOX
2020-03-30,22.110001,23.969999,21.52,23.77,22.945745,1575000,FOX
2020-03-31,23.950001,24.32,22.76,22.879999,22.086603,2087600,FOX
2020-04-01,21.85,22.183001,21.26,21.565001,20.817205,1584700,FOX
2020-04-02,21.559999,22.709999,21.219999,21.84,21.082668,2515500,FOX
2020-04-03,21.73,21.969999,21.200001,21.59,20.841339,1208700,FOX
2020-04-06,22.780001,24.620001,22.690001,24.450001,23.602165,1489800,FOX
2020-04-07,25.690001,26.440001,24.9,24.969999,24.104132,1670400,FOX
2020-04-08,25.040001,26.030001,25.0,25.82,24.924658,1529100,FOX
2020-04-09,25.92,26.559999,25.17,25.639999,24.750898,1596300,FOX
2020-04-13,25.459999,25.51,24.32,25.4,24.519224,1554400,FOX
2020-04-14,25.799999,26.18,25.389999,26.01,25.108068,967100,FOX
2020-04-15,25.15,25.25,24.549999,25.17,24.297195,1167800,FOX
2020-04-16,25.16,25.290001,24.42,25.129999,24.258583,1872800,FOX
2020-04-17,25.75,26.33,25.52,26.23,25.32044,1085600,FOX
2020-04-20,25.459999,26.440001,25.459999,25.690001,24.799166,1896900,FOX
2020-04-21,24.91,25.379999,24.780001,25.049999,24.181356,1442400,FOX
2020-04-22,25.68,25.879999,24.530001,24.59,23.737309,1501900,FOX
2020-04-23,24.629999,25.1,23.91,24.450001,23.602165,1512000,FOX
2020-04-24,24.48,24.674999,24.129999,24.52,23.669739,1423000,FOX
2020-04-27,24.83,26.24,24.780001,26.01,25.108068,1128200,FOX
2020-04-28,26.65,27.709999,26.5,26.969999,26.034779,1157500,FOX
2020-04-29,27.73,28.24,27.690001,27.950001,26.980797,1215400,FOX
2020-04-30,27.4,27.4,25.174999,25.559999,24.673674,1787900,FOX
2020-05-01,25.0,25.379999,24.67,25.02,24.152399,803100,FOX
2020-05-04,24.85,24.959999,24.209999,24.629999,23.775921,1180100,FOX
2020-05-05,24.82,25.01,23.629999,23.85,23.022968,1413200,FOX
2020-05-06,23.889999,24.719999,23.389999,24.610001,23.756615,1949600,FOX
2020-05-07,26.25,26.73,24.860001,25.01,24.142748,1810900,FOX
2020-05-08,25.620001,25.950001,25.32,25.73,24.837776,949500,FOX
2020-05-11,25.809999,25.809999,24.780001,25.450001,24.567488,845300,FOX
2020-05-12,25.59,25.76,24.889999,24.889999,24.026903,995000,FOX
2020-05-13,24.719999,24.754999,23.379999,24.059999,23.225689,1172600,FOX
2020-05-14,23.67,25.200001,23.360001,25.120001,24.24893,1753200,FOX
2020-05-15,24.969999,25.57,24.690001,25.5,24.615753,1056400,FOX
2020-05-18,26.66,27.040001,26.215,26.855,25.923767,1144500,FOX
2020-05-19,26.719999,27.48,26.459999,26.940001,26.005819,741900,FOX
2020-05-20,27.040001,27.76,27.030001,27.370001,26.42091,941700,FOX
2020-05-21,27.07,27.629999,27.07,27.23,26.285761,666400,FOX
2020-05-22,27.16,27.48,27.040001,27.370001,26.42091,739000,FOX
2020-05-26,28.4,28.77,28.08,28.59,27.598604,856000,FOX
2020-05-27,28.99,29.73,28.68,29.299999,28.283981,923800,FOX
2020-05-28,29.42,29.620001,28.530001,28.66,27.666178,937100,FOX
2020-05-29,28.559999,28.93,28.07,28.780001,27.782017,1740100,FOX
2020-06-01,28.889999,29.41,28.799999,29.139999,28.12953,740700,FOX
2020-06-02,29.18,29.360001,28.58,28.870001,27.868896,827600,FOX
2020-06-03,29.209999,30.59,29.209999,30.219999,29.172081,1326900,FOX
2020-06-04,30.030001,30.43,29.58,29.945,28.906616,1132000,FOX
2020-06-05,30.959999,31.51,30.120001,30.25,29.20104,1659300,FOX
2020-06-08,30.389999,32.049999,30.389999,31.68,30.581453,2308800,FOX
2020-06-09,31.27,31.360001,30.26,30.33,29.278267,1187400,FOX
2020-06-10,30.129999,30.25,29.120001,29.73,28.699072,1454400,FOX
2020-06-11,28.709999,28.780001,27.51,27.620001,26.662239,1697400,FOX
2020-06-12,28.379999,28.620001,27.280001,27.950001,26.980797,1495500,FOX
2020-06-15,26.969999,29.360001,26.861,28.860001,27.859241,1310500,FOX
2020-06-16,29.700001,30.02,27.715,28.02,27.04837,1559300,FOX
2020-06-17,28.0,28.1,27.540001,27.76,26.797386,1860900,FOX
2020-06-18,27.57,28.690001,27.48,28.66,27.666178,1398900,FOX
2020-06-19,29.15,29.49,27.799999,27.82,26.855305,2379700,FOX
2020-06-22,27.549999,27.77,27.17,27.6,26.642933,1488100,FOX
2020-06-23,27.860001,28.360001,27.780001,27.809999,26.84565,1278600,FOX
2020-06-24,27.389999,27.59,26.459999,27.01,26.073393,1220800,FOX
2020-06-25,26.75,26.82,26.125,26.75,25.822409,1739700,FOX
2020-06-26,26.620001,26.620001,25.4,25.75,24.857086,2615700,FOX
2020-06-29,25.99,26.84,25.6,26.790001,25.861025,1446000,FOX
2020-06-30,26.76,26.9,26.440001,26.84,25.909286,1325600,FOX
2020-07-01,26.799999,27.360001,26.52,26.915001,25.981689,1851900,FOX
2020-07-02,27.459999,27.65,26.459999,26.549999,25.629343,1231500,FOX
2020-07-06,26.940001,27.073,26.200001,26.530001,25.610039,905300,FOX
2020-07-07,26.26,26.299999,25.709999,25.77,24.876392,1007600,FOX
2020-07-08,25.76,25.76,25.1,25.389999,24.509569,840900,FOX
2020-07-09,25.280001,25.360001,24.030001,24.451,23.60313,1099000,FOX
2020-07-10,24.33,25.41,24.33,25.389999,24.509569,809600,FOX
2020-07-13,25.379999,25.620001,24.41,25.049999,24.181356,1655500,FOX
2020-07-14,24.67,25.48,24.540001,25.129999,24.258583,1522600,FOX
2020-07-15,25.33,26.379999,25.33,26.25,25.339746,1449400,FOX
2020-07-16,25.950001,26.540001,25.889999,26.395,25.479717,977500,FOX
2020-07-17,26.51,26.51,25.139999,25.26,24.384075,2050200,FOX
2020-07-20,25.08,25.32,24.299999,24.82,23.959333,1498500,FOX
2020-07-21,24.969999,25.719999,24.955,25.35,24.470953,1155700,FOX
2020-07-22,25.25,25.9,25.190001,25.870001,24.972925,999500,FOX
2020-07-23,25.92,26.42,25.879999,26.129999,25.223907,1029500,FOX
2020-07-24,26.48,27.200001,26.18,26.49,25.571423,864100,FOX
2020-07-27,26.379999,26.540001,25.438,25.690001,24.799166,1001200,FOX
2020-07-28,25.559999,26.110001,25.445,25.709999,24.818468,719800,FOX
2020-07-29,25.67,26.110001,25.421,25.92,25.021189,696000,FOX
2020-07-30,25.459999,26.01,25.26,25.879999,24.982576,644500,FOX
2020-07-31,25.65,25.799999,25.23,25.77,24.876392,904300,FOX
2020-08-03,25.870001,26.32,25.43,26.25,25.339746,826500,FOX
2020-08-04,26.16,27.059999,26.16,26.709999,25.783794,850600,FOX
2020-08-05,26.0,26.16,24.280001,24.85,23.988295,1922600,FOX
2020-08-06,24.98,25.41,24.725,25.16,24.287542,1575900,FOX
2020-08-07,24.940001,25.17,24.459999,24.889999,24.026903,1874500,FOX
2020-08-10,24.9,25.049999,24.4,24.68,23.82419,1494200,FOX
2020-08-11,24.93,25.719999,24.870001,24.940001,24.075172,1603100,FOX
2020-08-12,25.17,25.370001,24.82,25.209999,24.33581,1289200,FOX
2020-08-13,24.969999,25.719999,24.940001,25.690001,24.799166,878100,FOX
2020-08-14,25.67,26.09,25.41,25.82,24.924658,819200,FOX
2020-08-17,25.93,25.93,25.27,25.709999,24.818468,727600,FOX
2020-08-18,25.780001,25.950001,25.629999,25.735001,24.842604,1051900,FOX
2020-08-19,25.780001,26.24,25.75,25.92,25.021189,793100,FOX
2020-08-20,25.73,26.049999,25.58,25.92,25.021189,693100,FOX
2020-08-21,25.780001,26.055,25.620001,26.01,25.108068,906500,FOX
2020-08-24,25.99,27.190001,25.99,27.049999,26.112003,1250000,FOX
2020-08-25,27.190001,27.254999,26.43,26.959999,26.025124,1205000,FOX
2020-08-26,26.799999,27.312,26.75,27.15,26.208538,1192900,FOX
2020-08-27,27.43,27.84,27.33,27.639999,26.681545,980900,FOX
2020-08-28,27.83,27.965,27.51,27.92,26.951839,871300,FOX
2020-08-31,27.9,28.440001,27.695,27.799999,26.835997,1509100,FOX
2020-09-01,27.360001,27.559999,27.07,27.49,26.758127,1343800,FOX
2020-09-02,27.58,28.15,27.450001,27.99,27.244816,1138300,FOX
2020-09-03,28.280001,28.735001,27.360001,27.51,26.777594,1804100,FOX
2020-09-04,27.93,28.09,27.389999,27.76,27.020941,1433000,FOX
2020-09-08,27.59,28.34,27.57,27.84,27.098808,1594900,FOX
2020-09-09,28.040001,28.459999,27.469999,28.290001,27.536829,1888100,FOX
2020-09-10,28.370001,28.790001,27.950001,28.15,27.400557,1913700,FOX
2020-09-11,28.15,28.639999,27.68,28.139999,27.390821,1245800,FOX
2020-09-14,28.42,29.280001,28.309999,28.700001,27.935915,1281600,FOX
2020-09-15,28.780001,29.040001,28.43,28.639999,27.87751,1101900,FOX
2020-09-16,28.790001,29.870001,28.76,29.459999,28.675678,2141700,FOX
2020-09-17,28.85,29.290001,28.4,28.77,28.004051,2262900,FOX
2020-09-18,28.719999,28.725,27.620001,28.0,27.254549,3251500,FOX
2020-09-21,27.59,27.700001,26.43,26.889999,26.174103,2101100,FOX
2020-09-22,26.9,27.16,26.610001,26.950001,26.232504,2052200,FOX
2020-09-23,27.01,27.059999,25.855,25.98,25.288328,1276400,FOX
2020-09-24,26.120001,26.438999,25.610001,26.219999,25.521938,922300,FOX
2020-09-25,26.01,26.889999,26.01,26.780001,26.06703,1040600,FOX
2020-09-28,27.35,27.9,27.139999,27.9,27.157209,1044700,FOX
2020-09-29,27.940001,28.0,27.26,27.82,27.079342,908600,FOX
2020-09-30,27.950001,28.610001,27.65,27.969999,27.225348,1455800,FOX
2020-10-01,28.209999,28.360001,27.68,28.209999,27.458958,928900,FOX
2020-10-02,27.91,28.415001,27.639999,28.17,27.420023,1109900,FOX
2020-10-05,28.42,28.950001,28.190001,28.889999,28.120855,601300,FOX
2020-10-06,28.969999,29.18,28.01,28.120001,27.371357,1452400,FOX
2020-10-07,28.68,29.280001,28.34,29.110001,28.334997,1054800,FOX
2020-10-08,29.35,29.65,29.059999,29.629999,28.841154,721700,FOX
2020-10-09,29.91,30.040001,29.16,29.200001,28.422602,926100,FOX
2020-10-12,29.43,29.5,28.959999,29.129999,28.354465,1253100,FOX
2020-10-13,29.08,29.08,27.43,27.469999,26.738659,1570100,FOX
2020-10-14,27.469999,27.74,27.084999,27.129999,26.407711,944300,FOX
2020-10-15,26.92,27.23,26.620001,27.200001,26.475849,992000,FOX
2020-10-16,27.309999,27.43,26.809999,27.120001,26.39798,715400,FOX
2020-10-19,27.190001,27.25,26.200001,26.25,25.55114,832900,FOX
2020-10-20,26.540001,26.540001,26.09,26.18,25.483006,1457600,FOX
2020-10-21,26.09,26.85,25.91,26.75,26.037828,803400,FOX
2020-10-22,26.74,27.629999,26.74,27.41,26.680258,1828000,FOX
2020-10-23,27.32,27.565001,26.684999,26.934999,26.217903,1763200,FOX
2020-10-26,26.700001,26.870001,25.950001,26.18,25.483006,2529900,FOX
2020-10-27,26.1,26.190001,25.875,25.995001,25.302931,1178800,FOX
2020-10-28,25.549999,25.83,24.975,25.02,24.353888,2046100,FOX
2020-10-29,24.9,25.540001,24.809999,25.389999,24.714037,1609500,FOX
2020-10-30,25.280001,26.16,25.280001,26.139999,25.444069,2209100,FOX
2020-11-02,26.440001,27.0,25.98,26.889999,26.174103,2504900,FOX
2020-11-03,28.290001,28.860001,26.200001,26.700001,25.989161,1454900,FOX
2020-11-04,27.16,27.16,25.110001,25.43,24.752972,2861900,FOX
2020-11-05,25.67,26.42,25.280001,26.370001,25.667948,1280400,FOX
2020-11-06,26.245001,26.33,25.379999,25.605,24.923311,1400000,FOX
2020-11-09,26.700001,27.35,25.85,26.190001,25.492739,2287800,FOX
2020-11-10,25.82,26.93,25.76,26.700001,25.989161,1559900,FOX
2020-11-11,26.74,27.26,26.389999,27.15,26.427179,1216900,FOX
2020-11-12,26.91,26.959999,25.264999,25.450001,24.77244,2251500,FOX
2020-11-13,25.43,26.375,25.43,26.209999,25.512203,3101200,FOX
2020-11-16,26.549999,27.245001,26.42,26.75,26.037828,2095100,FOX
2020-11-17,26.540001,27.719999,26.209999,27.65,26.913866,1601400,FOX
2020-11-18,27.67,27.756001,27.129999,27.129999,26.407711,1782300,FOX
2020-11-19,27.01,27.485001,26.950001,27.27,26.543987,1005000,FOX
2020-11-20,27.24,27.58,27.07,27.440001,26.709459,1248300,FOX
2020-11-23,27.459999,28.245001,27.4,28.040001,27.293486,1022200,FOX
2020-11-24,28.360001,29.389999,28.17,29.209999,28.432335,1623000,FOX
2020-11-25,28.98,29.0,28.65,28.959999,28.188992,806400,FOX
2020-11-27,28.879999,29.09,28.66,28.73,27.965113,506000,FOX
2020-11-30,28.52,28.805,28.290001,28.379999,27.624432,2144700,FOX
2020-12-01,28.65,30.040001,28.58,29.700001,28.90929,1436600,FOX
2020-12-02,29.709999,30.07,29.26,30.049999,29.249971,1101100,FOX
2020-12-03,30.1,30.41,29.700001,29.77,28.977427,1142000,FOX
2020-12-04,30.02,30.02,29.190001,29.254999,28.476137,1831100,FOX
2020-12-07,29.01,29.440001,28.92,29.309999,28.529673,2001100,FOX
2020-12-08,29.219999,29.370001,28.76,28.895,28.125723,1575600,FOX
2020-12-09,29.049999,29.16,28.58,28.73,27.965113,1601700,FOX
2020-12-10,28.459999,28.790001,28.35,28.684999,27.921312,981100,FOX
2020-12-11,28.42,28.77,28.17,28.719999,27.955381,1453500,FOX
2020-12-14,29.09,29.190001,28.32,28.34,27.585499,1087300,FOX
2020-12-15,28.469999,28.49,27.620001,28.209999,27.458958,1245300,FOX
2020-12-16,28.26,28.440001,28.0,28.110001,27.361624,976600,FOX
2020-12-17,28.299999,28.309999,27.57,28.16,27.41029,2069200,FOX
2020-12-18,28.1,28.42,27.639999,27.790001,27.05014,2945800,FOX
2020-12-21,27.469999,27.59,27.02,27.389999,26.660789,1257700,FOX
2020-12-22,27.309999,27.440001,26.889999,26.98,26.261705,1208400,FOX
2020-12-23,27.084999,27.84,27.030001,27.75,27.011206,1063000,FOX
2020-12-24,27.75,28.129999,27.75,28.0,27.254549,475800,FOX
2020-12-28,28.129999,28.98,28.0,28.879999,28.11112,1022300,FOX
2020-12-29,29.040001,29.049999,28.625,28.785,28.018652,694500,FOX
2020-12-30,28.950001,29.23,28.700001,28.700001,27.935915,756300,FOX
2020-12-31,28.700001,29.02,28.66,28.879999,28.11112,650400,FOX
2021-01-04,29.01,29.379999,28.15,28.41,27.653635,1237100,FOX
2021-01-05,28.450001,29.17,28.389999,29.014999,28.242527,833700,FOX
2021-01-06,29.41,31.6,29.41,31.459999,30.622433,1768000,FOX
2021-01-07,31.02,31.41,30.200001,30.23,29.42518,2343400,FOX
2021-01-08,30.23,30.4,29.15,29.620001,28.831421,1838700,FOX
2021-01-11,29.34,29.93,29.24,29.700001,28.90929,1207000,FOX
2021-01-12,29.67,29.889999,29.030001,29.18,28.403135,1251100,FOX
2021-01-13,28.99,29.389999,28.67,29.309999,28.529673,1304400,FOX
2021-01-14,29.35,30.549999,29.049999,30.34,29.532251,5169000,FOX
2021-01-15,30.200001,30.66,29.870001,30.389999,29.580921,3611800,FOX
2021-01-19,30.370001,30.389999,29.120001,29.17,28.3934,1807400,FOX
2021-01-20,29.25,30.275,29.24,29.940001,29.1429,2704400,FOX
2021-01-21,29.82,30.209999,29.719999,29.85,29.055296,2285600,FOX
2021-01-22,29.76,29.76,28.940001,29.17,28.3934,1595700,FOX
2021-01-25,29.18,30.799999,29.17,30.68,29.863199,4717200,FOX
2021-01-26,30.940001,33.59,30.92,33.400002,32.510788,3088600,FOX
2021-01-27,33.400002,36.959999,32.349998,32.470001,31.605547,6830800,FOX
2021-01-28,32.215,32.98,30.540001,30.620001,29.804798,2687200,FOX
2021-01-29,30.309999,31.25,29.76,29.889999,29.094229,1688200,FOX
2021-02-01,29.860001,30.84,29.66,30.65,29.833998,1179500,FOX
2021-02-02,30.76,30.93,29.295,29.549999,28.763285,1439200,FOX
2021-02-03,29.440001,29.754999,29.07,29.15,28.373934,2419300,FOX
2021-02-04,29.290001,29.809999,28.975,29.33,28.549139,2012000,FOX
2021-02-05,29.379999,30.549999,29.08,30.309999,29.503048,1327700,FOX
2021-02-08,30.549999,31.59,30.379999,31.549999,30.710037,1600600,FOX
2021-02-09,31.969999,31.969999,29.608999,29.690001,28.899557,1773100,FOX
2021-02-10,29.85,30.780001,29.469999,30.51,29.697725,1827500,FOX
2021-02-11,30.450001,30.959999,30.264999,30.75,29.931335,922600,FOX
2021-02-12,30.67,31.690001,30.610001,31.450001,30.6127,1003200,FOX
2021-02-16,31.51,31.67,30.610001,30.65,29.833998,965200,FOX
2021-02-17,30.57,30.950001,30.450001,30.66,29.843733,474700,FOX
2021-02-18,30.65,31.25,30.6,31.059999,30.233082,1023200,FOX
2021-02-19,31.15,32.549999,31.15,32.369999,31.508204,1281600,FOX
2021-02-22,32.279999,33.845001,32.279999,33.389999,32.501053,1278000,FOX
2021-02-23,33.48,33.98,32.380001,32.869999,31.994896,1117400,FOX
2021-02-24,32.400002,32.82,32.084999,32.740002,31.868355,797600,FOX
2021-02-25,32.849998,33.220001,31.49,31.75,30.904713,1069700,FOX
2021-02-26,31.6,32.450001,31.440001,31.93,31.079922,1290000,FOX
2021-03-01,32.18,33.650002,32.099998,33.389999,32.501053,989300,FOX
2021-03-02,33.32,36.709999,33.07,36.049999,35.090237,3052400,FOX
2021-03-03,36.07,38.25,35.73,37.09,36.102547,2928100,FOX
2021-03-04,37.07,37.919998,35.709999,36.709999,35.732658,2013900,FOX
2021-03-05,37.709,39.139999,36.790001,39.040001,38.000633,2462700,FOX
2021-03-08,38.82,40.259998,38.16,40.02,38.95454,1362400,FOX
2021-03-09,39.880001,39.880001,37.900002,38.240002,37.437084,1608500,FOX
2021-03-10,38.52,39.27,38.09,38.959999,38.141964,1154100,FOX
2021-03-11,38.639999,40.07,38.599998,39.41,38.58252,972400,FOX
2021-03-12,39.459999,40.384998,39.389999,40.0,39.16013,1108200,FOX
2021-03-15,40.349998,40.740002,39.619999,40.099998,39.25803,943200,FOX
2021-03-16,40.880001,42.139999,40.549999,41.439999,40.569893,1527500,FOX
2021-03-17,41.299999,41.419998,39.25,40.450001,39.600681,1432700,FOX
2021-03-18,40.099998,41.259998,39.945,40.400002,39.551731,1206700,FOX
2021-03-19,40.360001,40.939999,40.029999,40.349998,39.502777,2431100,FOX
2021-03-22,40.605,41.330002,40.035,41.150002,40.285984,999700,FOX
2021-03-23,40.799999,40.950001,39.169998,39.209999,38.386719,1358700,FOX
2021-03-24,39.279999,39.509998,37.900002,37.950001,37.153172,1594400,FOX
2021-03-25,37.939999,38.959999,37.75,38.419998,37.6133,1631000,FOX
2021-03-26,38.459999,38.48,33.959999,36.169998,35.410549,3864100,FOX
2021-03-29,36.25,36.509998,35.369999,35.82,35.067898,1729000,FOX
2021-03-30,35.830002,36.459999,35.380001,35.84,35.087475,1542400,FOX
2021-03-31,36.130001,36.130001,34.862,34.93,34.196583,2810400,FOX
2021-04-01,35.18,35.419998,34.549999,35.0,34.265114,2378500,FOX
2021-04-05,35.349998,35.41,34.310001,35.130001,34.392384,1246600,FOX
2021-04-06,34.77,36.07,34.77,35.77,35.018948,1090800,FOX
2021-04-07,36.049999,36.540001,35.650002,35.91,35.156006,1129700,FOX
2021-04-08,35.900002,36.189999,35.209999,35.630001,34.881886,1366200,FOX
2021-04-09,35.73,36.189999,35.310001,36.080002,35.322437,651700,FOX
2021-04-12,36.5,36.73,35.970001,36.099998,35.342014,1118500,FOX
2021-04-13,35.98,36.790001,35.895,36.349998,35.586765,1279400,FOX
2021-04-14,36.060001,36.790001,35.900002,36.150002,35.390968,1512400,FOX
2021-04-15,36.52,37.279999,36.27,36.77,35.997948,1054500,FOX
2021-04-16,36.896999,37.240002,36.52,36.720001,35.949001,910000,FOX
2021-04-19,36.59,36.98,36.285,36.59,35.821728,897500,FOX
2021-04-20,36.630001,37.110001,36.310001,36.650002,35.88047,1092400,FOX
2021-04-21,36.650002,37.59,36.349998,37.360001,36.575562,1636600,FOX
2021-04-22,37.41,37.740002,36.91,37.099998,36.321018,1734400,FOX
2021-04-23,37.119999,37.646,37.080002,37.34,36.555981,781100,FOX
2021-04-26,37.369999,37.490002,36.685001,37.07,36.291653,856900,FOX
2021-04-27,37.099998,37.48,36.84,37.25,36.467869,727600,FOX
2021-04-28,37.23,37.23,36.59,36.880001,36.105637,771400,FOX
2021-04-29,37.080002,37.259998,36.560001,36.830002,36.05669,876700,FOX
2021-04-30,36.82,36.830002,36.189999,36.380001,35.616138,840100,FOX
2021-05-03,36.630001,36.720001,35.759998,35.779999,35.028732,890500,FOX
2021-05-04,35.860001,36.150002,35.310001,35.799999,35.048317,890300,FOX
2021-05-05,35.686001,35.900002,35.349998,35.540001,34.793774,1024200,FOX
2021-05-06,35.860001,37.360001,35.779999,36.700001,35.92942,791200,FOX
2021-05-07,36.759998,37.459999,36.521999,37.169998,36.389549,1049900,FOX
2021-05-10,37.259998,37.84,36.910999,37.25,36.467869,1087400,FOX
2021-05-11,37.049999,37.459999,36.810001,37.389999,36.604931,1041300,FOX
2021-05-12,37.41,37.669998,36.389999,36.490002,35.723831,1203100,FOX
2021-05-13,36.459999,37.509998,36.439999,37.07,36.291653,1036700,FOX
2021-05-14,36.959999,37.105,36.207001,36.27,35.50845,1364000,FOX
2021-05-17,36.630001,37.099998,35.82,35.84,35.087475,1283100,FOX
2021-05-18,35.98,36.799999,35.98,36.32,35.5574,938900,FOX
2021-05-19,35.990002,36.43,35.77,36.220001,35.459499,1070400,FOX
2021-05-20,36.150002,36.580002,36.040001,36.139999,35.381176,919600,FOX
2021-05-21,36.220001,36.650002,36.07,36.380001,35.616138,849300,FOX
2021-05-24,36.380001,36.779999,36.009998,36.310001,35.547611,748800,FOX
2021-05-25,36.48,36.740002,35.779999,35.900002,35.146217,1036600,FOX
2021-05-26,35.91,36.77,35.740002,36.16,35.400757,1217300,FOX
2021-05-27,36.439999,37.049999,36.299999,36.810001,36.037113,2762900,FOX
2021-05-28,37.02,37.02,35.98,36.279999,35.518234,981400,FOX
2021-06-01,36.599998,36.654999,35.950001,35.990002,35.234325,1011700,FOX
2021-06-02,36.09,36.23,35.360001,35.59,34.842724,1409200,FOX
2021-06-03,35.580002,35.799999,34.775002,35.16,34.421757,1456200,FOX
2021-06-04,35.23,35.799999,35.099998,35.669998,34.921043,1054100,FOX
2021-06-07,35.68,36.0,35.380001,35.599998,34.852512,686300,FOX
2021-06-08,35.560001,35.650002,34.950001,35.16,34.421757,1171000,FOX
2021-06-09,35.619999,36.419998,35.470001,36.029999,35.273483,1105200,FOX
2021-06-10,36.009998,36.259998,35.73,35.860001,35.107056,622100,FOX
2021-06-11,35.91,36.240002,35.849998,36.200001,35.439919,591500,FOX
2021-06-14,36.25,36.369999,35.650002,35.959999,35.204956,808600,FOX
2021-06-15,36.07,36.380001,35.720001,35.98,35.224533,813800,FOX
2021-06-16,35.919998,36.18,35.630001,35.93,35.175583,850400,FOX
2021-06-17,35.900002,36.240002,35.349998,35.439999,34.695869,927400,FOX
2021-06-18,35.279999,36.209999,35.23,35.779999,35.028732,2115400,FOX
2021-06-21,36.009998,36.279999,35.66,35.77,35.018948,858100,FOX
2021-06-22,35.790001,35.93,35.18,35.740002,34.989578,1313500,FOX
2021-06-23,35.689999,36.035,35.59,35.700001,34.950413,1284800,FOX
2021-06-24,35.790001,36.43,35.73,36.279999,35.518234,1118100,FOX
2021-06-25,36.290001,36.889999,36.16,36.389999,35.625923,1261800,FOX
2021-06-28,36.549999,36.73,36.029999,36.200001,35.439919,827400,FOX
2021-06-29,35.700001,35.959999,34.974998,35.040001,34.304276,1109300,FOX
2021-06-30,35.189999,35.25,34.73,35.200001,34.460915,865600,FOX
2021-07-01,35.27,35.860001,34.970001,35.560001,34.813358,815800,FOX
2021-07-02,35.709999,35.709999,35.23,35.369999,34.627346,529200,FOX
2021-07-06,35.23,35.490002,34.005001,34.73,34.000782,1182400,FOX
2021-07-07,34.68,35.0,34.200001,34.5,33.775612,1004600,FOX
2021-07-08,34.380001,34.380001,33.580002,33.810001,33.100101,906000,FOX
2021-07-09,33.799999,34.630001,33.75,34.509998,33.7854,790200,FOX
2021-07-12,34.41,34.91,34.029999,34.900002,34.167213,721900,FOX
2021-07-13,34.974998,34.98,33.91,33.970001,33.256744,1134200,FOX
2021-07-14,33.959999,34.490002,33.959999,34.380001,33.658134,659600,FOX
2021-07-15,34.209999,34.57,33.77,33.880001,33.168633,1279300,FOX
2021-07-16,33.880001,33.950001,33.310001,33.369999,32.669338,1377900,FOX
2021-07-19,33.119999,33.189999,32.400002,32.599998,31.915501,2828200,FOX
2021-07-20,32.599998,33.0,32.369999,32.869999,32.179836,2184700,FOX
2021-07-21,32.869999,34.16,32.779999,33.880001,33.168633,1705200,FOX
2021-07-22,33.950001,33.950001,33.18,33.75,33.041359,774800,FOX
2021-07-23,33.830002,34.09,33.52,34.009998,33.295898,515200,FOX
2021-07-26,33.790001,34.619999,33.790001,34.32,33.599392,815000,FOX
2021-07-27,34.119999,34.279999,33.849998,33.959999,33.246948,694300,FOX
2021-07-28,33.970001,34.32,33.32,34.02,33.305691,951700,FOX
2021-07-29,34.16,34.595001,33.919998,33.939999,33.227367,1313600,FOX
2021-07-30,33.669998,33.825001,33.139999,33.240002,32.542065,1921200,FOX
2021-08-02,33.290001,33.540001,33.23,33.290001,32.591019,912800,FOX
2021-08-03,33.380001,33.380001,31.870001,32.82,32.130886,968900,FOX
2021-08-04,32.669998,33.029999,32.380001,32.639999,31.954668,893800,FOX
2021-08-05,33.380001,34.860001,33.18,34.290001,33.570023,2500700,FOX
2021-08-06,34.23,34.509998,33.669998,33.740002,33.03157,1236500,FOX
2021-08-09,33.610001,33.66,33.32,33.5,32.796608,1183400,FOX
2021-08-10,33.450001,34.099998,33.240002,34.0,33.28611,1240100,FOX
2021-08-11,34.029999,34.619999,33.799999,34.540001,33.81477,2133800,FOX
2021-08-12,34.470001,34.610001,33.880001,34.150002,33.432961,913000,FOX
2021-08-13,34.290001,34.485001,34.009998,34.07,33.354641,860900,FOX
2021-08-16,33.950001,34.41,33.59,34.25,33.530861,664900,FOX
2021-08-17,33.77,34.25,33.68,34.080002,33.364433,508400,FOX
2021-08-18,34.0,34.700001,33.779999,33.810001,33.100101,778600,FOX
2021-08-19,33.73,33.830002,33.25,33.459999,32.757446,599400,FOX
2021-08-20,33.299999,34.150002,33.27,34.009998,33.295898,554500,FOX
2021-08-23,34.099998,34.439999,33.950001,34.32,33.599392,655000,FOX
2021-08-24,34.290001,34.529999,34.130001,34.240002,33.521072,612500,FOX
2021-08-25,34.290001,34.599998,34.0,34.290001,33.570023,622200,FOX
2021-08-26,34.240002,34.450001,34.0,34.0,33.28611,718500,FOX
2021-08-27,33.82,34.580002,33.82,34.529999,33.804981,527300,FOX
2021-08-30,34.52,34.57,34.130001,34.32,33.599392,565100,FOX
2021-08-31,34.09,34.799999,34.07,34.630001,34.141632,1145500,FOX
2021-09-01,34.66,34.77,34.16,34.240002,33.757137,1067600,FOX
2021-09-02,34.389999,34.689999,34.240002,34.52,34.033188,907700,FOX
2021-09-03,34.349998,34.43,33.830002,34.130001,33.648685,752700,FOX
2021-09-07,34.0,34.419998,33.830002,34.040001,33.559956,1172900,FOX
2021-09-08,33.950001,34.349998,33.290001,33.299999,32.830387,962800,FOX
2021-09-09,33.360001,33.779999,33.139999,33.669998,33.195171,1000000,FOX
2021-09-10,33.709999,33.849998,33.169998,33.299999,32.830387,698600,FOX
2021-09-13,33.580002,33.880001,33.34,33.73,33.254326,919200,FOX
2021-09-14,33.900002,33.900002,32.779999,32.84,32.376881,879900,FOX
2021-09-15,32.779999,34.169998,32.639999,34.060001,33.579674,1097400,FOX
2021-09-16,34.049999,34.849998,33.869999,34.689999,34.20079,980700,FOX
2021-09-17,34.630001,35.580002,34.599998,35.099998,34.605007,2712200,FOX
2021-09-20,34.900002,34.900002,33.98,34.529999,34.043045,1016900,FOX
2021-09-21,34.73,35.169998,34.240002,34.48,33.993748,1097900,FOX
2021-09-22,34.709999,35.84,34.709999,35.419998,34.920494,947700,FOX
2021-09-23,35.389999,36.119999,35.389999,35.68,35.176826,801500,FOX
2021-09-24,35.5,36.560001,35.5,36.310001,35.797947,812400,FOX
2021-09-27,36.240002,37.200001,36.23,36.93,36.409199,912700,FOX
2021-09-28,36.849998,37.369999,36.759998,36.860001,36.340187,1076300,FOX
2021-09-29,36.84,37.330002,36.629002,37.25,36.724686,788400,FOX
2021-09-30,37.610001,38.040001,37.099998,37.119999,36.596519,1478800,FOX
2021-10-01,37.529999,37.950001,37.110001,37.68,37.148624,847300,FOX
2021-10-04,37.66,38.400002,37.66,38.25,37.710587,1092000,FOX
2021-10-05,38.369999,38.860001,38.259998,38.630001,38.085228,802800,FOX
2021-10-06,38.32,38.52,37.880001,38.360001,37.819031,940900,FOX
2021-10-07,38.709999,39.240002,38.52,38.84,38.292263,982900,FOX
2021-10-08,39.0,39.869999,38.987999,39.080002,38.528881,989900,FOX
2021-10-11,39.080002,39.380001,38.880001,38.900002,38.351418,438900,FOX
2021-10-12,38.860001,39.259998,38.57,38.82,38.272545,512600,FOX
2021-10-13,38.959999,39.34,38.849998,39.110001,38.558456,773000,FOX
2021-10-14,39.389999,39.639999,39.049999,39.41,38.854225,857900,FOX
2021-10-15,39.459999,39.669998,38.849998,38.970001,38.420433,1135000,FOX
2021-10-18,38.830002,39.259998,38.709999,39.09,38.538738,963800,FOX
2021-10-19,39.23,39.950001,39.040001,39.93,39.366894,663900,FOX
2021-10-20,39.759998,40.509998,39.700001,40.200001,39.633083,532400,FOX
2021-10-21,40.150002,40.389999,39.5,39.639999,39.080982,494700,FOX
2021-10-22,39.540001,39.68,39.23,39.52,38.962677,631200,FOX
2021-10-25,39.715,39.73,38.849998,38.93,38.380993,456000,FOX
2021-10-26,39.0,39.130001,38.59,38.720001,38.173958,925400,FOX
2021-10-27,38.709999,38.740002,37.439999,37.48,36.951443,795100,FOX
2021-10-28,37.509998,37.959999,37.400002,37.93,37.3951,1180800,FOX
2021-10-29,37.959999,37.959999,36.514999,36.959999,36.438774,2311700,FOX
2021-11-01,37.060001,38.259998,37.060001,38.18,37.641571,761000,FOX
2021-11-02,38.119999,38.82,37.950001,38.68,38.134518,942800,FOX
2021-11-03,38.400002,39.099998,37.779999,38.630001,38.085228,1252500,FOX
2021-11-04,38.639999,38.639999,36.849998,38.419998,37.878181,1380200,FOX
2021-11-05,38.810001,39.540001,38.349998,38.610001,38.065506,872500,FOX
2021-11-08,38.799999,38.91,37.490002,37.900002,37.365524,1565800,FOX
2021-11-09,37.919998,38.200001,37.560001,37.700001,37.168343,976600,FOX
2021-11-10,37.810001,38.5,37.639999,37.810001,37.276787,561000,FOX
2021-11-11,37.599998,38.389999,37.25,38.220001,37.681011,851900,FOX
2021-11-12,37.93,38.509998,37.93,38.150002,37.611996,814900,FOX
2021-11-15,38.169998,38.93,38.169998,38.419998,37.878181,736500,FOX
2021-11-16,38.439999,38.439999,37.580002,37.610001,37.079609,779900,FOX
2021-11-17,37.610001,37.740002,37.279999,37.540001,37.010597,749300,FOX
2021-11-18,37.490002,37.66,36.880001,36.919998,36.399338,1054300,FOX
2021-11-19,36.720001,36.900002,36.119999,36.32,35.8078,1206700,FOX
2021-11-22,36.360001,36.470001,35.93,36.07,35.561325,1093100,FOX
2021-11-23,36.360001,36.709999,36.060001,36.349998,35.837376,1131900,FOX
2021-11-24,36.080002,36.134998,35.66,35.880001,35.374008,1091500,FOX
2021-11-26,35.130001,35.240002,34.560001,35.07,34.575432,780000,FOX
2021-11-29,35.27,35.27,34.400002,34.490002,34.003613,802100,FOX
2021-11-30,34.330002,34.455002,33.334999,33.599998,33.12616,2355000,FOX
2021-12-01,33.919998,34.259998,32.189999,32.220001,31.765621,1440800,FOX
2021-12-02,32.380001,33.18,32.110001,32.91,32.445889,1145900,FOX
2021-12-03,32.919998,33.580002,32.919998,33.540001,33.067009,1145200,FOX
2021-12-06,33.970001,34.369999,33.77,33.919998,33.441647,1094200,FOX
2021-12-07,34.099998,34.639999,33.860001,33.950001,33.471226,960800,FOX
2021-12-08,34.09,34.73,34.009998,34.279999,33.796566,1169900,FOX
2021-12-09,34.009998,34.639999,33.959999,34.150002,33.668407,891300,FOX
2021-12-10,34.349998,34.389999,33.82,34.240002,33.757137,1360600,FOX
2021-12-13,33.939999,34.130001,33.279999,33.799999,33.323341,1813800,FOX
2021-12-14,33.669998,34.044998,33.299999,33.470001,32.997993,1948400,FOX
2021-12-15,33.470001,33.810001,32.849998,33.73,33.254326,2143700,FOX
2021-12-16,33.880001,34.48,33.73,34.32,33.836006,1724800,FOX
2021-12-17,34.560001,35.139999,33.990002,34.220001,33.737415,13993200,FOX
2021-12-20,33.93,34.07,33.279999,33.82,33.343056,1523300,FOX
2021-12-21,34.099998,34.794998,33.82,34.209999,33.727558,1101200,FOX
2021-12-22,34.09,34.27,33.830002,34.130001,33.648685,883200,FOX
2021-12-23,34.25,34.669998,34.23,34.509998,34.023323,784700,FOX
2021-12-27,34.560001,34.619999,34.040001,34.619999,34.131775,472100,FOX
2021-12-28,34.580002,34.93,34.580002,34.77,34.279659,383800,FOX
2021-12-29,34.720001,34.880001,34.220001,34.380001,33.895161,724800,FOX
2021-12-30,34.48,34.990002,34.435001,34.75,34.259945,457200,FOX
2021-12-31,34.834999,34.869999,34.240002,34.27,33.786713,785200,FOX
2022-01-03,34.419998,35.330002,34.310001,34.990002,34.496559,1100700,FOX
2022-01-04,35.189999,35.630001,35.060001,35.130001,34.634586,1296500,FOX
2022-01-05,35.139999,35.599998,34.68,34.759998,34.269798,1028300,FOX
2022-01-06,34.939999,35.91,34.889999,35.48,34.979649,1162800,FOX
2022-01-07,35.48,36.220001,35.48,36.0,35.492313,1167400,FOX
2022-01-10,36.150002,36.345001,35.544998,35.970001,35.462738,1492100,FOX
2022-01-11,36.049999,36.380001,35.630001,35.860001,35.35429,652300,FOX
2022-01-12,35.939999,36.334999,35.890999,36.220001,35.709209,622400,FOX
2022-01-13,36.290001,37.16,36.23,36.84,36.320469,1196000,FOX
2022-01-14,36.709999,37.759998,36.514999,37.700001,37.168343,1144900,FOX
2022-01-18,37.700001,38.084999,36.52,36.700001,36.182442,1022900,FOX
2022-01-19,36.869999,37.209999,36.279999,36.48,35.965542,877000,FOX
2022-01-20,36.48,37.119999,35.259998,35.27,34.77261,924000,FOX
2022-01-21,35.099998,35.529999,34.619999,34.82,34.328953,933600,FOX
2022-01-24,34.700001,35.91,34.689999,35.860001,35.35429,2306700,FOX
2022-01-25,35.639999,36.029999,34.970001,35.880001,35.374008,845800,FOX
2022-01-26,35.939999,36.240002,34.549999,34.869999,34.37825,1098100,FOX
2022-01-27,34.880001,35.720001,34.869999,35.009998,34.516273,997000,FOX
2022-01-28,34.959999,36.75,34.790001,36.709999,36.192299,1269700,FOX
2022-01-31,36.549999,37.23,36.150002,37.18,36.655674,1105700,FOX
2022-02-01,37.349998,37.560001,36.919998,36.990002,36.468353,1161100,FOX
2022-02-02,36.759998,37.419998,36.32,37.27,36.744404,1019800,FOX
2022-02-03,37.25,37.75,36.990002,37.450001,36.921867,707800,FOX
2022-02-04,37.369999,37.68,36.939999,37.25,36.724686,808500,FOX
2022-02-07,37.41,37.724998,37.080002,37.18,36.655674,797800,FOX
2022-02-08,37.369999,37.709999,37.049999,37.349998,36.823273,913100,FOX
2022-02-09,37.82,39.990002,37.77,39.919998,39.357029,1719500,FOX
2022-02-10,39.599998,40.91,39.290001,40.049999,39.485199,1282400,FOX
2022-02-11,39.810001,40.5,39.330002,39.450001,38.893661,1080200,FOX
2022-02-14,39.59,39.75,38.630001,38.75,38.203533,972700,FOX
2022-02-15,39.02,39.740002,38.889999,39.110001,38.558456,1099200,FOX
2022-02-16,38.66,39.060001,38.189999,38.91,38.361275,1261700,FOX
2022-02-17,38.817001,39.240002,38.43,38.66,38.114803,1321900,FOX
2022-02-18,38.599998,39.049999,37.84,38.540001,37.996498,1515700,FOX
2022-02-22,38.439999,38.810001,38.060001,38.18,37.641571,1964600,FOX
2022-02-23,38.529999,38.529999,37.360001,37.43,36.902145,1355400,FOX
2022-02-24,36.900002,37.380001,36.445,37.259998,36.734543,1077600,FOX
2022-02-25,37.43,38.535,37.099998,38.23,37.690865,960600,FOX
2022-02-28,37.720001,38.459999,37.509998,38.259998,37.72044,1608500,FOX
2022-03-01,37.900002,38.240002,37.400002,37.639999,37.343437,987500,FOX
2022-03-02,37.91,39.779999,37.830002,39.32,39.010201,1097800,FOX
2022-03-03,39.34,39.869999,39.09,39.529999,39.218544,845300,FOX
2022-03-04,39.150002,39.255001,38.68,39.07,38.762169,782500,FOX
2022-03-07,38.950001,39.305,37.990002,38.029999,37.730362,1188700,FOX
2022-03-08,38.119999,38.860001,37.799999,38.200001,37.899025,663900,FOX
2022-03-09,38.740002,38.919998,37.369999,37.43,37.13509,883200,FOX
2022-03-10,37.060001,37.369999,36.189999,36.610001,36.321552,1025900,FOX
2022-03-11,36.740002,37.349998,36.110001,36.18,35.894939,736300,FOX
2022-03-14,36.669998,37.279999,35.57,35.720001,35.438564,1297300,FOX
2022-03-15,36.09,36.650002,35.66,36.619999,36.33147,806600,FOX
2022-03-16,36.790001,37.5,36.57,37.419998,37.125168,1095200,FOX
2022-03-17,37.169998,37.169998,35.919998,37.049999,36.758083,1033100,FOX
2022-03-18,37.040001,37.740002,36.48,37.68,37.383121,1781300,FOX
2022-03-21,37.639999,38.669998,37.25,37.540001,37.244225,2426000,FOX
2022-03-22,37.799999,38.279999,37.650002,37.759998,37.46249,646300,FOX
2022-03-23,37.599998,37.84,37.18,37.18,36.887062,593000,FOX
2022-03-24,37.169998,37.740002,37.110001,37.57,37.273987,507800,FOX
2022-03-25,37.59,38.290001,37.59,37.82,37.522018,712800,FOX
2022-03-28,37.75,37.84,36.810001,37.27,36.976353,450400,FOX
2022-03-29,37.66,37.799999,37.27,37.560001,37.264069,449300,FOX
2022-03-30,37.529999,37.740002,36.695,36.830002,36.539822,1174700,FOX
2022-03-31,36.689999,37.200001,36.240002,36.279999,35.994148,679700,FOX
2022-04-01,36.619999,36.735001,35.91,36.169998,35.885017,770900,FOX
2022-04-04,36.080002,36.419998,35.240002,36.41,36.123127,617100,FOX
2022-04-05,36.200001,36.560001,35.380001,35.549999,35.269901,758700,FOX
2022-04-06,35.529999,35.689999,35.119999,35.619999,35.339352,974500,FOX
2022-04-07,35.5,35.77,34.75,35.330002,35.05164,693800,FOX
2022-04-08,35.349998,36.029999,35.349998,35.759998,35.478249,740700,FOX
2022-04-11,35.740002,36.290001,35.389999,35.509998,35.230217,726100,FOX
2022-04-12,35.700001,36.09,35.34,35.610001,35.32943,750400,FOX
2022-04-13,35.68,36.02,35.630001,35.93,35.646908,608500,FOX
2022-04-14,35.990002,36.400002,35.810001,35.849998,35.567539,1431500,FOX
2022-04-18,35.91,36.169998,35.700001,35.970001,35.686596,719600,FOX
2022-04-19,36.130001,36.34,35.740002,36.200001,35.914783,667900,FOX
2022-04-20,36.130001,36.610001,35.0,36.48,36.192574,925000,FOX
2022-04-21,36.68,37.060001,35.790001,35.880001,35.597305,1353800,FOX
2022-04-22,35.779999,35.91,35.195,35.330002,35.05164,782800,FOX
2022-04-25,35.119999,35.34,34.540001,35.18,34.902817,1093500,FOX
2022-04-26,34.93,35.060001,33.970001,34.009998,33.742035,1104800,FOX
2022-04-27,34.049999,34.25,33.25,33.779999,33.513847,1202700,FOX
2022-04-28,33.959999,34.389999,33.66,33.919998,33.652744,860600,FOX
2022-04-29,33.889999,34.16,33.16,33.240002,32.978104,802500,FOX
2022-05-02,33.419998,33.970001,33.310001,33.860001,33.59322,994300,FOX
2022-05-03,33.93,34.154999,33.41,33.630001,33.365032,877500,FOX
2022-05-04,33.560001,34.419998,33.439999,34.369999,34.099197,569300,FOX
2022-05-05,34.07,34.369999,33.540001,33.720001,33.454323,931900,FOX
2022-05-06,33.560001,33.639999,31.709999,32.060001,31.807402,1387800,FOX
2022-05-09,31.790001,31.966999,30.469999,30.57,30.32914,2421800,FOX
2022-05-10,30.889999,30.950001,28.959999,29.9,29.664419,1879600,FOX
2022-05-11,29.950001,31.190001,29.950001,30.559999,30.319218,1747300,FOX
2022-05-12,30.5,31.01,29.84,30.860001,30.616856,2057500,FOX
2022-05-13,31.370001,31.540001,30.9,31.24,30.99386,1216700,FOX
2022-05-16,31.190001,31.360001,30.879999,31.110001,30.864885,829100,FOX
2022-05-17,31.4,32.169998,31.389999,31.969999,31.718109,2167200,FOX
2022-05-18,31.790001,31.83,30.790001,30.889999,30.646618,1163400,FOX
2022-05-19,30.76,31.110001,30.49,30.790001,30.547407,1045600,FOX
2022-05-20,31.040001,31.26,30.58,30.940001,30.696226,1005100,FOX
2022-05-23,31.41,31.82,30.83,31.620001,31.370869,1718300,FOX
2022-05-24,31.41,31.41,29.83,30.0,29.763632,1861600,FOX
2022-05-25,29.98,30.950001,29.98,30.77,30.527565,1204600,FOX
2022-05-26,30.889999,31.870001,30.83,31.809999,31.55937,934100,FOX
2022-05-27,31.85,32.75,31.75,32.689999,32.432434,872700,FOX
2022-05-31,32.720001,32.880001,32.400002,32.709999,32.452278,2440800,FOX
2022-06-01,32.900002,32.990002,31.58,32.150002,31.896692,1729600,FOX
2022-06-02,31.889999,32.209999,31.290001,31.860001,31.608976,944300,FOX
2022-06-03,31.66,31.860001,31.43,31.65,31.400631,745400,FOX
2022-06-06,31.83,31.93,31.405001,31.59,31.341105,899300,FOX
2022-06-07,31.299999,32.110001,31.209999,32.040001,31.78756,774800,FOX
2022-06-08,31.809999,32.310001,31.43,31.49,31.241892,846300,FOX
2022-06-09,31.450001,31.559999,30.959999,30.98,30.735909,598600,FOX
2022-06-10,30.58,30.709999,30.02,30.030001,29.793396,1215100,FOX
2022-06-13,29.700001,29.700001,28.99,29.209999,28.979855,1551600,FOX
2022-06-14,29.23,29.895,29.07,29.65,29.416388,1091000,FOX
2022-06-15,29.879999,30.879999,29.790001,30.440001,30.200165,1421600,FOX
2022-06-16,29.85,30.139999,29.200001,29.799999,29.565207,1525400,FOX
2022-06-17,29.780001,30.34,29.530001,29.690001,29.456074,2507000,FOX
2022-06-21,29.870001,30.58,29.790001,30.139999,29.902527,2009300,FOX
2022-06-22,29.85,30.120001,29.48,29.719999,29.485836,1309700,FOX
2022-06-23,29.74,29.83,29.280001,29.67,29.436232,1026100,FOX
2022-06-24,29.92,30.65,29.780001,30.35,30.110874,1395200,FOX
2022-06-27,30.42,30.58,30.1,30.52,30.279535,604800,FOX
2022-06-28,30.59,30.940001,30.191999,30.219999,29.981897,799400,FOX
2022-06-29,30.25,30.41,29.58,30.139999,29.902527,677400,FOX
2022-06-30,29.93,30.27,29.52,29.700001,29.465996,848100,FOX
2022-07-01,29.52,30.610001,29.52,30.59,30.348982,630200,FOX
2022-07-05,30.15,30.629999,29.709999,30.629999,30.388666,862600,FOX
2022-07-06,30.700001,31.030001,30.030001,30.57,30.32914,1238800,FOX
2022-07-07,30.690001,31.1,30.6,30.82,30.577169,960800,FOX
2022-07-08,30.93,31.09,30.48,30.629999,30.388666,881800,FOX
2022-07-11,30.440001,30.559999,30.07,30.280001,30.041426,772700,FOX
2022-07-12,30.110001,31.01,30.110001,30.620001,30.378748,825100,FOX
2022-07-13,30.360001,30.52,29.49,30.370001,30.130716,1199500,FOX
2022-07-14,30.030001,30.17,29.74,30.02,29.783474,640600,FOX
2022-07-15,30.450001,31.059999,30.299999,31.030001,30.785517,642300,FOX
2022-07-18,30.75,31.139999,30.309999,30.73,30.487879,1142500,FOX
2022-07-19,31.129999,31.719999,31.09,31.65,31.400631,612800,FOX
2022-07-20,31.76,32.32,31.58,32.169998,31.916533,724900,FOX
2022-07-21,32.23,32.419998,31.879999,32.419998,32.164562,824200,FOX
2022-07-22,32.400002,32.759998,32.200001,32.57,32.313381,533200,FOX
2022-07-25,32.759998,32.970001,32.455002,32.650002,32.392754,738500,FOX
2022-07-26,32.419998,32.580002,31.33,31.57,31.32126,527100,FOX
2022-07-27,31.809999,32.16,31.540001,32.099998,31.847084,1312100,FOX
2022-07-28,32.060001,32.419998,31.549999,32.369999,32.114956,431900,FOX
2022-07-29,32.279999,32.325001,30.73,30.9,30.65654,1357000,FOX
2022-08-01,30.790001,31.17,30.629999,31.1,30.854965,818400,FOX
2022-08-02,31.110001,31.41,30.860001,30.93,30.686304,698900,FOX
2022-08-03,30.969999,31.5,30.92,31.290001,31.043468,494400,FOX
2022-08-04,31.25,31.65,31.030001,31.190001,30.944256,615400,FOX
2022-08-05,30.860001,31.190001,30.6,31.0,30.755753,538300,FOX
2022-08-08,31.139999,31.450001,31.01,31.129999,30.884727,550900,FOX
2022-08-09,31.23,31.620001,31.059999,31.35,31.102995,705300,FOX
2022-08-10,32.0,32.990002,31.85,32.369999,32.114956,1253400,FOX
2022-08-11,32.689999,33.75,32.689999,33.66,33.394794,1615300,FOX
2022-08-12,33.759998,34.0,33.380001,33.75,33.484085,998400,FOX
2022-08-15,33.490002,33.650002,33.220001,33.57,33.305504,1806000,FOX
2022-08-16,33.490002,33.865002,33.380001,33.740002,33.474167,982200,FOX
2022-08-17,33.52,33.75,33.259998,33.43,33.166607,541100,FOX
2022-08-18,33.540001,33.669998,33.125,33.23,32.968182,668600,FOX
2022-08-19,33.080002,33.150002,32.73,32.91,32.650703,672500,FOX
2022-08-22,32.599998,32.599998,31.83,31.99,31.737951,888000,FOX
2022-08-23,32.009998,32.439999,31.695,31.82,31.569292,1360900,FOX
2022-08-24,31.82,32.404999,31.610001,32.080002,31.827246,741100,FOX
2022-08-25,32.310001,32.400002,32.055,32.290001,32.035591,1275500,FOX
2022-08-26,32.330002,32.68,31.639999,31.719999,31.470079,1019700,FOX
2022-08-29,31.690001,31.959999,31.33,31.73,31.48,1802400,FOX
2022-08-30,31.75,31.85,31.379999,31.639999,31.639999,1528800,FOX
2022-08-31,31.700001,32.119999,31.6,31.620001,31.620001,1384400,FOX
2022-09-01,31.549999,31.620001,31.209999,31.530001,31.530001,1302900,FOX
2022-09-02,31.860001,32.029999,31.155001,31.24,31.24,840900,FOX
2022-09-06,31.32,31.32,30.24,30.549999,30.549999,2810300,FOX
2022-09-07,30.52,30.98,30.4,30.870001,30.870001,1699800,FOX
2022-09-08,30.65,30.950001,30.139999,30.940001,30.940001,947000,FOX
2022-09-09,31.059999,32.040001,31.059999,31.969999,31.969999,714200,FOX
2022-09-12,32.150002,32.41,32.029999,32.299999,32.299999,752200,FOX
2022-09-13,31.75,31.940001,31.040001,31.1,31.1,1699400,FOX
2022-09-14,31.17,31.17,30.34,31.030001,31.030001,1810200,FOX
2022-09-15,31.030001,32.278999,31.01,32.029999,32.029999,1273400,FOX
2022-09-16,32.009998,32.07,30.82,31.190001,31.190001,3267800,FOX
2022-09-19,31.059999,31.975,31.01,31.950001,31.950001,1201200,FOX
2022-09-20,31.799999,31.879999,31.43,31.700001,31.700001,1144500,FOX
2022-09-21,31.83,31.959999,30.389999,30.4,30.4,829000,FOX
2022-09-22,30.41,30.49,29.870001,29.889999,29.889999,685700,FOX
2022-09-23,29.709999,29.709999,29.02,29.469999,29.469999,760300,FOX
2022-09-26,29.290001,29.790001,28.870001,28.959999,28.959999,848100,FOX
2022-09-27,29.139999,29.58,28.57,28.709999,28.709999,903900,FOX
2022-09-28,28.76,29.280001,28.57,29.18,29.18,1151100,FOX
2022-09-29,28.780001,28.870001,28.125,28.370001,28.370001,1244800,FOX
2022-09-30,28.48,29.09,28.389999,28.5,28.5,1153600,FOX
2022-10-03,28.870001,29.08,28.389999,29.040001,29.040001,1083400,FOX
2022-10-04,29.290001,30.07,29.190001,29.98,29.98,1452100,FOX
2022-10-05,29.610001,29.73,29.15,29.25,29.25,869600,FOX
2022-10-06,29.610001,29.68,28.879999,29.01,29.01,899700,FOX
2022-10-07,28.85,29.26,28.629999,29.110001,29.110001,3538500,FOX
2022-10-10,29.17,29.5,28.860001,28.93,28.93,1134800,FOX
2022-10-11,28.75,28.879999,28.24,28.530001,28.530001,709200,FOX
2022-10-12,28.530001,28.68,28.16,28.290001,28.290001,970600,FOX
2022-10-13,27.879999,29.440001,27.860001,29.379999,29.379999,1212500,FOX
2022-10-14,29.5,29.790001,29.0,29.16,29.16,1652700,FOX
2022-10-17,27.92,28.1,26.540001,26.799999,26.799999,4539100,FOX
2022-10-18,27.34,28.09,27.059999,27.58,27.58,2080700,FOX
2022-10-19,27.469999,28.1,27.27,27.66,27.66,1403500,FOX
2022-10-20,27.780001,27.860001,27.315001,27.360001,27.360001,1168700,FOX
2022-10-21,27.280001,27.9,27.190001,27.610001,27.610001,929000,FOX
2022-10-24,27.84,28.021999,27.32,27.73,27.73,1196300,FOX
2022-10-25,27.700001,28.094999,27.540001,28.0,28.0,1024500,FOX
2022-10-26,28.209999,28.32,27.219999,27.254999,27.254999,1279900,FOX
2022-10-27,27.52,27.57,26.43,26.57,26.57,1304900,FOX
2022-10-28,26.790001,27.280001,26.49,27.209999,27.209999,1236100,FOX
2022-10-31,27.25,27.309999,26.9,27.200001,27.200001,1322600,FOX
2022-11-01,28.09,29.459999,27.809999,28.610001,28.610001,1495300,FOX
2022-11-02,28.41,29.18,28.131001,28.17,28.17,1057900,FOX
2022-11-03,27.92,28.195,27.59,28.02,28.02,1215800,FOX
2022-11-04,28.370001,28.52,27.290001,27.83,27.83,1116000,FOX
2022-11-07,28.110001,28.280001,27.08,27.440001,27.440001,1433900,FOX
2022-11-08,27.57,28.040001,27.24,27.620001,27.620001,1149100,FOX
2022-11-09,27.08,27.15,26.35,26.66,26.66,1581300,FOX
2022-11-10,27.57,28.01,27.360001,27.700001,27.700001,1910800,FOX
2022-11-11,27.91,28.905001,27.761999,28.76,28.76,1040600,FOX
2022-11-14,28.76,29.370001,28.76,28.790001,28.790001,1267700,FOX
2022-11-15,29.0,29.555,28.719999,28.99,28.99,1083600,FOX
2022-11-16,29.08,29.08,28.280001,28.860001,28.860001,1651600,FOX
2022-11-17,28.450001,29.0,28.450001,28.84,28.84,994700,FOX
2022-11-18,29.18,29.290001,28.889999,29.139999,29.139999,647700,FOX
2022-11-21,29.280001,29.34,28.555,28.84,28.84,857500,FOX
